<?xml version="1.0" encoding="ISO-8859-1"?>

<PropertyList>

  <fx>
    <crank>
      <name>engstart1</name>
      <path>Aircraft/BristolFreighter/Sounds/engine_crank.wav</path>
      <property>/engines/engine[0]/cranking</property>
      <volume> 
        <property>/orientation/alpha-deg</property>
        <type>log</type>
        <min>0.5</min>
        <max>1.0</max>
      </volume>
      <volume> 
        <factor>2.0</factor>
        <max>2.0</max>
      </volume>
      <reference-dist>100</reference-dist>
      <max-dist>1000</max-dist>
    </crank>

    <crank>
      <name>cough1</name>
      <path>Aircraft/BristolFreighter/Sounds/engine_cough.wav</path>
      <property>/engines/engine[0]/running</property>
      <volume> 
        <property>/orientation/alpha-deg</property>
        <type>log</type>
        <min>0.5</min>
        <max>1.0</max>
      </volume>
      <volume> 
        <factor>1.2</factor>
        <max>1.0</max>
      </volume>
      <reference-dist>100</reference-dist>
      <max-dist>1000</max-dist>
    </crank>

    <crank>
      <name>crank1</name>
      <mode>looped</mode>
      <path>Aircraft/BristolFreighter/Sounds/engine_crank.wav</path>
      <condition>
        <property>engines/engine[0]/cranking</property>
        <not>
          <property>engines/engine[0]/running</property>
        </not>
      </condition>
      <volume>
        <offset>0.9</offset>
      </volume>
      <reference-dist>100</reference-dist>
      <max-dist>1000</max-dist>
    </crank>

    <engine>
      <name>engine early start1</name>
      <path>Aircraft/BristolFreighter/Sounds/engine_cough.wav</path>
      <property>/engines/engine[0]/cranking</property>
      <condition>
        <less-than>
          <property>/engines/engine[0]/rpm</property>
          <value>450</value>
        </less-than>
        <greater-than-equals>
          <property>/engines/engine[0]/rpm</property>
          <value>110</value>
        </greater-than-equals>
      </condition>
      <pitch>
        <property>/engines/engine[0]/rpm</property>
        <offset>-5.0</offset>
        <factor>0.0001</factor>
        <max>1.0</max>
      </pitch>
      <volume> 
        <property>/orientation/alpha-deg</property>
        <type>log</type>
        <min>1.0</min>
        <max>1.5</max>
      </volume>
      <reference-dist>100</reference-dist>
      <max-dist>1000</max-dist>
    </engine>

    <!--idle-->

    <engine>
      <name>engine1_idle</name>
      <mode>looped</mode>
      <path>Aircraft/BristolFreighter/Sounds/engine_idle.wav</path>
      <condition>
        <and>
          <property>engines/engine[0]/running</property>
          <less-than>
            <property>engines/engine[0]/rpm</property>
            <value>1700</value>
          </less-than>
        </and>
      </condition>
      <volume>
          <property>engines/engine[0]/mp-osi</property>
          <factor>0.009</factor>
          <min>0.15</min>
          <max>0.6</max>
          <offset>0.15</offset>
      </volume>
      <pitch>
          <property>engines/engine[0]/rpm</property>
          <factor>0.0004</factor>
          <min>0.1</min>
          <max>2.0</max>
          <offset>0.3</offset>
      </pitch>
      <position>
          <x>-3.10</x>
          <y>8.35</y>
          <z>-0.3</z>
      </position>
      <reference-dist>20.0</reference-dist>
      <max-dist>50.0</max-dist>
    </engine>


    <stopext>
      <name>stopextLeft</name>
      <path>Aircraft/BristolFreighter/Sounds/engine_stop_ext1.wav</path>
      <condition>
        <not>
          <property>/engines/engine[0]/running</property>
        </not>
      </condition>
      <volume>
        <property>/sim/current-view/internal</property>
        <factor>-1.0</factor>
        <offset>1.0</offset>
      </volume>
      <reference-dist>100</reference-dist>
      <max-dist>1000</max-dist>
      <position>
        <x> -2.627 </x>
        <y>  1.740 </y>
        <z>  0.021 </z>
      </position>
    </stopext>

    <stop>
      <name>stopLeft</name>
      <path>Aircraft/BristolFreighter/Sounds/engine_stop_int1.wav</path>
      <condition>
        <not>
          <property>/engines/engine[0]/running</property>
        </not>
      </condition>
      <volume>
        <property>/sim/current-view/internal</property>
        <factor>1.0</factor>
        <offset>0.0</offset>
      </volume>
      <reference-dist>100</reference-dist>
      <max-dist>1000</max-dist>
      <position>
        <x>-2.627</x>
        <y>1.740</y>
        <z>0.021</z>
      </position>
    </stop>



    <engine>
      <name>engineLeft</name>
      <mode>looped</mode>
      <path>Aircraft/BristolFreighter/Sounds/engine_running_ext_1.wav</path>
      <condition>
        <and>
          <property>/engines/engine[0]/running</property>
          <not>
            <property>/sim/current-view/internal</property>
          </not>
        </and>
      </condition>
      <volume>
        <property>engines/engine[0]/mp-osi</property>
        <factor>0.00375</factor>
        <min>0.5</min>
        <max>2.0</max>
      </volume>
      <pitch>
        <property>/engines/engine[0]/rpm</property>
        <factor>0.00028</factor>
        <min>0.15</min>
        <max>2.0</max>
        <offset>-0.0</offset>
      </pitch>
      <reference-dist>100</reference-dist>
      <max-dist>1000</max-dist>
      <position>
        <x>-2.627</x>
        <y>1.740</y>
        <z>0.021</z>
      </position>
    </engine>

    <engine>
      <name>engineextslowLeft</name>
      <mode>looped</mode>
      <path>Aircraft/BristolFreighter/Sounds/engine_running_ext_2.wav</path>
      <condition>
        <and>
          <property>/engines/engine[0]/running</property>
          <not>
            <property>/sim/current-view/internal</property>
          </not>
        </and>
      </condition>
      <volume>
        <property>engines/engine[0]/mp-osi</property>
        <factor>0.00375</factor>
        <min>0.5</min>
        <max>2.0</max>
      </volume>
      <pitch>
        <property>/engines/engine[0]/rpm</property>
        <factor>0.0005</factor>
        <min>0.35</min>
        <max>2.0</max>
        <offset>-0.0</offset>
      </pitch>
      <reference-dist>100</reference-dist>
      <max-dist>1000</max-dist>
      <position>
        <x>-2.627</x>
        <y>1.740</y>
        <z>0.021</z>
      </position>
    </engine>

    <propellerhigh>
      <name>propellerhighLeft</name>
      <mode>looped</mode>
      <path>Aircraft/BristolFreighter/Sounds/engine_running_int_1.wav</path>
      <condition>
        <and>
          <property>/engines/engine[0]/running</property>
          <property>/sim/current-view/internal</property>
        </and>
      </condition>
      <volume>
        <property>engines/engine[0]/mp-osi</property>
        <factor>0.04</factor>
        <min>0.5</min>
        <max>2.0</max>
      </volume>
      <!--
      <volume>
      <property>/orientation/alpha-deg</property>
      <type>log</type>
      <min>0.2</min>
      <max>1.0</max>
      </volume>
      <volume>
      <property>/sim/current-view/internal</property>
      <factor>0.5</factor>
      </volume>-->
       <pitch>
        <property>/engines/engine[0]/rpm</property>
        <factor>0.000226</factor>
        <min>0.15</min>
        <max>4.0</max>
        <offset>-0.0</offset>
      </pitch>
      <reference-dist>100</reference-dist>
      <max-dist>1000</max-dist>
      <position>
        <x>-2.627</x>
        <y>1.740</y>
        <z>0.021</z>
      </position>
    </propellerhigh>

    <propellerlow>
      <name>propellerlowLeft</name>
      <mode>looped</mode>
      <path>Aircraft/BristolFreighter/Sounds/engine_running_int_2.wav</path>
      <condition>
        <and>
          <property>/engines/engine[0]/running</property>
          <property>/sim/current-view/internal</property>
        </and>
      </condition>
      <volume>
        <property>engines/engine[0]/mp-osi</property>
        <factor>0.4</factor>
        <min>0.5</min>
        <max>2.0</max>
      </volume>
      <!--
      <volume>
      <property>/orientation/alpha-deg</property>
      <type>log</type>
      <min>0.2</min>
      <max>1.0</max>
      </volume>
      <volume>
      <property>/sim/current-view/internal</property>
      <factor>0.5</factor>
      </volume>
      -->
      <pitch>
        <property>/engines/engine[0]/rpm</property>
        <factor>0.0007462</factor>
        <min>0.5</min>
        <max>4.0</max>
        <offset>-0.0</offset>
      </pitch>
      <reference-dist>100</reference-dist>
      <max-dist>1000</max-dist>
      <position>
        <x>-2.627</x>
        <y>1.740</y>
        <z>0.021</z>
      </position>
    </propellerlow>

    <crank>
      <name>engstart2</name>
      <path>Aircraft/BristolFreighter/Sounds/engine_crank.wav</path>
      <property>/engines/engine[1]/cranking</property>
      <volume> 
        <property>/orientation/alpha-deg</property>
        <type>log</type>
        <min>0.5</min>
        <max>1.0</max>
      </volume>
      <volume> 
        <factor>2.0</factor>
        <max>2.0</max>
      </volume>
      <reference-dist>100</reference-dist>
      <max-dist>1000</max-dist>
    </crank>

    <crank>
      <name>cough2</name>
      <path>Aircraft/BristolFreighter/Sounds/engine_cough.wav</path>
      <property>/engines/engine[1]/running</property>
      <volume> 
        <property>/orientation/alpha-deg</property>
        <type>log</type>
        <min>0.5</min>
        <max>1.0</max>
      </volume>
      <volume> 
        <factor>1.2</factor>
        <max>1.0</max>
      </volume>
      <reference-dist>100</reference-dist>
      <max-dist>1000</max-dist>
    </crank>

    <crank>
      <name>crank2</name>
      <mode>looped</mode>
      <path>Aircraft/BristolFreighter/Sounds/engine_crank.wav</path>
      <condition>
        <property>engines/engine[1]/cranking</property>
        <not>
          <property>engines/engine[1]/running</property>
        </not>
      </condition>
      <volume>
        <offset>0.9</offset>
      </volume>
      <reference-dist>100</reference-dist>
      <max-dist>1000</max-dist>
    </crank>

    <engine>
      <name>engine early start2</name>
      <path>Aircraft/BristolFreighter/Sounds/engine_cough.wav</path>
      <property>/engines/engine[1]/cranking</property>
      <condition>
        <less-than>
          <property>/engines/engine[1]/rpm</property>
          <value>250</value>
        </less-than>
        <greater-than-equals>
          <property>/engines/engine[1]/rpm</property>
          <value>110</value>
        </greater-than-equals>
      </condition>
      <pitch>
        <property>/engines/engine[1]/rpm</property>
        <offset>-5.0</offset>
        <factor>0.0001</factor>
        <max>1.0</max>
      </pitch>
      <volume> 
        <property>/orientation/alpha-deg</property>
        <type>log</type>
        <min>1.0</min>
        <max>1.5</max>
      </volume>
      <reference-dist>100</reference-dist>
      <max-dist>1000</max-dist>
    </engine>

    <engine>
      <name>engine2_idle</name>
      <mode>looped</mode>
      <path>Aircraft/BristolFreighter/Sounds/engine_idle.wav</path>
      <condition>
        <and>
          <property>engines/engine[1]/running</property>
          <less-than>
            <property>engines/engine[1]/rpm</property>
            <value>1700</value>
          </less-than>
        </and>
      </condition>
      <volume>
        <property>engines/engine[1]/mp-osi</property>
        <factor>0.009</factor>
        <min>0.15</min>
        <max>0.6</max>
        <offset>0.15</offset>
      </volume>
      <pitch>
        <property>engines/engine[1]/rpm</property>
        <factor>0.0004</factor>
        <min>0.1</min>
        <max>2.0</max>
        <offset>0.3</offset>
      </pitch>
      <position>
        <x>-3.10</x>
        <y>8.35</y>
        <z>-0.3</z>
      </position>
      <reference-dist>20.0</reference-dist>
      <max-dist>50.0</max-dist>
    </engine>

    <stopext>
      <name>stopextRight</name>
      <path>Aircraft/BristolFreighter/Sounds/engine_stop_ext1.wav</path>
      <condition>
        <not>
          <property>/engines/engine[1]/running</property>
        </not>
      </condition>
      <volume>
        <property>/sim/current-view/internal</property>
        <factor>-1.0</factor>
        <offset>1.0</offset>
      </volume>
      <reference-dist>100</reference-dist>
      <max-dist>1000</max-dist>
      <position>
        <x>-2.627</x>
        <y>-1.740</y>
        <z>0.021</z>
      </position>
    </stopext>

    <stop>
      <name>stopRight</name>
      <path>Aircraft/BristolFreighter/Sounds/engine_stop_int1.wav</path>
      <condition>
        <not>
          <property>/engines/engine[1]/running</property>
        </not>
      </condition>
      <volume>
        <property>/sim/current-view/internal</property>
        <factor>1.0</factor>
        <offset>0.0</offset>
      </volume>
      <reference-dist>100</reference-dist>
      <max-dist>1000</max-dist>
      <position>
        <x>-2.627</x>
        <y>-1.740</y>
        <z>0.021</z>
      </position>
    </stop>

    <engine>
      <name>engineRight</name>
      <mode>looped</mode>
      <path>Aircraft/BristolFreighter/Sounds/engine_running_ext_1.wav</path>
      <condition>
        <and>
          <property>/engines/engine[1]/running</property>
          <not>
            <property>/sim/current-view/internal</property>
          </not>
        </and>
      </condition>
      <volume>
        <property>engines/engine[1]/mp-osi</property>
        <factor>0.00375</factor>
        <min>0.5</min>
        <max>2.0</max>
      </volume>
      <pitch>
        <property>/engines/engine[1]/rpm</property>
        <factor>0.00028</factor>
        <min>0.15</min>
        <max>2.0</max>
        <offset>-0.0</offset>
      </pitch>
      <reference-dist>100</reference-dist>
      <max-dist>1000</max-dist>
      <position>
        <x>-2.627</x>
        <y>-1.740</y>
        <z>0.021</z>
      </position>
    </engine>

    <engine>
      <name>engineextslowRight</name>
      <mode>looped</mode>
      <path>Aircraft/BristolFreighter/Sounds/engine_running_ext_2.wav</path>
      <condition>
        <and>
          <property>/engines/engine[1]/running</property>
          <not>
            <property>/sim/current-view/internal</property>
          </not>
        </and>
      </condition>
      <volume>
        <property>engines/engine[1]/mp-osi</property>
        <factor>0.00375</factor>
        <min>0.5</min>
        <max>2.0</max>
      </volume>
      <pitch>
        <property>/engines/engine[1]/rpm</property>
        <factor>0.0005</factor>
        <min>0.35</min>
        <max>2.0</max>
        <offset>-0.0</offset>
      </pitch>
      <reference-dist>100</reference-dist>
      <max-dist>1000</max-dist>
      <position>
        <x>-2.627</x>
        <y>-1.740</y>
        <z>0.021</z>
      </position>
    </engine>

    <propellerhigh>
      <name>propellerhighRight</name>
      <mode>looped</mode>
      <path>Aircraft/BristolFreighter/Sounds/engine_running_int_1.wav</path>
      <condition>
        <and>
          <property>/engines/engine[1]/running</property>
          <property>/sim/current-view/internal</property>
        </and>
      </condition>
      <volume>
        <property>engines/engine[1]/mp-osi</property>
        <factor>0.00375</factor>
        <min>0.5</min>
        <max>2.0</max>
      </volume>
      <!--
      <volume>
      <property>/orientation/alpha-deg</property>
      <type>log</type>
      <min>0.2</min>
      <max>1.0</max>
      </volume>
      <volume>
      <property>/sim/current-view/internal</property>
      <factor>0.5</factor>
      </volume>-->
      <pitch>
        <property>/engines/engine[1]/rpm</property>
        <factor>0.000226</factor>
        <min>0.15</min>
        <max>4.0</max>
        <offset>-0.0</offset>
      </pitch>
      <reference-dist>100</reference-dist>
      <max-dist>1000</max-dist>
      <position>
        <x>-2.627</x>
        <y>-1.740</y>
        <z>0.021</z>
      </position>
    </propellerhigh>

    <propellerlow>
      <name>propellerlowRight</name>
      <mode>looped</mode>
      <path>Aircraft/BristolFreighter/Sounds/engine_running_int_2.wav</path>
      <condition>
        <and>
          <property>/engines/engine[1]/running</property>
          <property>/sim/current-view/internal</property>
        </and>
      </condition>
      <volume>
        <property>engines/engine[1]/mp-osi</property>
        <factor>0.5</factor>
        <min>0.5</min>
        <max>2.0</max>
      </volume>
      
      <pitch>
        <property>/engines/engine[1]/rpm</property>
        <factor>0.0007462</factor>
        <min>0.5</min>
        <max>4.0</max>
        <offset>-0.0</offset>
      </pitch>
      <reference-dist>100</reference-dist>
      <max-dist>1000</max-dist>
      <position>
        <x>-2.627</x>
        <y>-1.740</y>
        <z>0.021</z>
      </position>
    </propellerlow>

    <rumble>
      <name>rumble</name>
      <mode>looped</mode>
      <path>Aircraft/BristolFreighter/Sounds/engine_rumble.wav</path>
      <condition>
        <or>
          <property>/gear/gear[0]/wow</property>
          <property>/gear/gear[1]/wow</property>
          <property>/gear/gear[2]/wow</property>
        </or>
        <!-- <property>/sim/current-view/internal</property> -->
      </condition>
      <volume>
        <property>/velocities/groundspeed-kt</property>
        <!--type>log</type-->
        <factor>0.025</factor>
        <offset> -0.01</offset>
        <max>1.01</max>
        <min>0.01</min>
      </volume>
      <pitch>
        <property>/velocities/groundspeed-kt</property>
        <factor>0.01</factor>
        <offset>0.85</offset>
      </pitch>
      <reference-dist>100</reference-dist>
      <max-dist>1000</max-dist>
    </rumble>

    <squeal>
      <name>squeal</name>
      <path>Aircraft/BristolFreighter//Sounds/touchdown.wav</path>
      <condition>
        <or>
          <property>/gear/gear[0]/wow</property>
          <property>/gear/gear[1]/wow</property>
          <property>/gear/gear[2]/wow</property>
        </or>
      </condition>
      <volume>
        <property>/velocities/speed-down-fps</property>
        <factor>0.5</factor>
        <max>1.0</max>
      </volume>
      <volume>
        <property>/velocities/airspeed-kt</property>
        <factor>0.1</factor>
        <max>1.0</max>
      </volume>
      <volume>
        <internal>dt_stop</internal>
        <factor>0.05</factor>
        <max>1.0</max>
      </volume>
      <pitch>
        <property>/velocities/airspeed-kt</property>
        <factor>0.0025</factor>
        <offset>1.0</offset>
      </pitch>
      <reference-dist>100</reference-dist>
      <max-dist>1000</max-dist>
    </squeal>

    <flap>
      <name>flaps</name>
      <mode>in-transit</mode>
      <path>Aircraft/BristolFreighter/Sounds/flaps.wav</path>
      <property>surface-positions/flap-pos-norm</property>
      <volume>
        <max>1</max>
      </volume>
      <reference-dist>10.0</reference-dist>
      <max-dist>20.0</max-dist>
    </flap>

    <squeal>
      <name>squeal</name>
      <path>Sounds/squeal.wav</path>
      <condition>
        <or>
          <property>gear/gear[0]/wow</property>
          <property>gear/gear[1]/wow</property>
          <property>gear/gear[2]/wow</property>
          <property>gear/gear[3]/wow</property>
        </or>
      </condition>
      <volume>
        <property>velocities/speed-down-fps</property>
        <factor>0.05</factor>
      </volume>
      <volume>
        <property>velocities/groundspeed-kt</property>
        <factor>0.01</factor>
      </volume>
      <volume>
        <internal>dt_stop</internal>
        <factor>0.05</factor>
        <max>1.0</max>
      </volume>
      <pitch>
        <property>velocities/groundspeed-kt</property>
        <factor>0.0025</factor>
        <offset>1.2</offset>
      </pitch>
    </squeal>

    <wind>
      <name>wind</name>
      <mode>looped</mode>
      <path>Sounds/wind.wav</path>
      <property>/velocities/airspeed-kt</property>
      <volume>
        <property>/position/altitude-ft</property>
        <factor>-0.000015</factor>
        <offset>1.0</offset>
        <min>0.0</min>
        <max>1.0</max>
      </volume>
      <volume>
        <property>/velocities/airspeed-kt</property>
        <factor>0.0015</factor>
        <min>0.0</min>
        <max>0.25</max>
      </volume>
      <pitch>
        <property>/velocities/airspeed-kt</property>
        <factor>0.0035</factor>
        <offset>1.25</offset>
      </pitch>
    </wind>

    <click>
      <name>clickOn</name>
      <path>Sounds/click.wav</path>
      <condition>
        <property>sim/model/sound/click</property>
      </condition>
      <volume> 
        <factor>1.0</factor>
      </volume>
    </click>

    <click>
      <name>clickOff</name>
      <path>Sounds/click.wav</path>
      <condition>
        <not><property>sim/model/sound/click</property></not>
      </condition>
      <volume> 
        <factor>1.0</factor>
      </volume>
    </click>

    <!--stall>
      <name>stall</name>
      <mode>looped</mode>
      <path>Aircraft/BristolFreighter/Sounds/stall_warning.wav</path>
      <condition>
        <and>
          <property>controls/electric/battery-switch</property>
          <less-than>
            <property>velocities/airspeed-kt</property>
            <value>80</value>
          </less-than>
          <not>
            <property>/gear/gear[0]/wow</property>
            <property>/gear/gear[1]/wow</property>
            <property>/gear/gear[2]/wow</property>
          </not>
        </and>
      </condition>
      <volume>
        <property>/sim/model/sound/volume</property>
      </volume>
      <reference-dist>4.0</reference-dist>
      <max-dist>10.0</max-dist>
    </stall>
    
-->
  </fx>

</PropertyList>

