<?xml  version="1.0"?>

<PropertyList>

  <path>hi.ac</path>

  <animation>
    <type>material</type>
    <object-name>Face</object-name>
    <object-name>Front</object-name>
    <emission>
      <red>1.0</red>
      <green>0.2</green>
      <blue>0.0</blue>
      <factor-prop>/sim/model/material/instruments/factor</factor-prop>
    </emission>
  </animation>

  <animation>
    <type>material</type>
    <object-name>OBS-Knob</object-name>
    <object-name>Hdg-Knob</object-name>
    <emission>
      <red>0.45</red>
      <green>0.09</green>
      <blue>0.00001</blue>
      <factor-prop>/sim/model/material/instruments/factor</factor-prop>
    </emission>
  </animation>

  <animation>
    <type>rotate</type>
    <object-name>Face</object-name>
    <property>/instrumentation/heading-indicator/indicated-heading-deg</property>
    <factor>-1</factor>
    <axis>
      <x>-1</x>
      <y>0</y>
      <z>0</z>
    </axis>
  </animation>

  <animation>
    <type>rotate</type>
    <object-name>HdgBug</object-name>
    <property>/instrumentation/heading-indicator/indicated-heading-deg</property>
    <factor>-1</factor>
    <axis>
      <x>-1</x>
      <y>0</y>
      <z>0</z>
    </axis>
  </animation>

  <animation>
    <type>rotate</type>
    <object-name>HdgBug</object-name>
      <property>/autopilot/settings/heading-bug-deg</property>
    <axis>
      <x>-1</x>
      <y>0</y>
      <z>0</z>
    </axis>
  </animation>

<!--          Heading  Bug  control        -->
  <animation>
    <type>pick</type>
    <object-name>click-bug-L</object-name>
    <visible>false</visible>
    <action>
      <name>small  decrease</name>
      <button>0</button>
      <repeatable>true</repeatable>
      <binding>
        <command>property-adjust</command>
        <property>/autopilot/settings/heading-bug-deg</property>
        <step>-1</step>
        <min>0</min>
        <max>360</max>
        <wrap>1</wrap>
      </binding>
    </action>
    <action>
      <name>large  decrease</name>
      <button>1</button>
      <repeatable>true</repeatable>
      <binding>
        <command>property-adjust</command>
        <property>/autopilot/settings/heading-bug-deg</property>
        <step>-5</step>
        <min>0</min>
        <max>360</max>
        <wrap>1</wrap>
      </binding>
    </action>
    <action>
      <name>small  decrease  (scrollwheel)</name>
      <button>3</button>
      <repeatable>true</repeatable>
      <binding>
        <command>property-adjust</command>
        <property>/autopilot/settings/heading-bug-deg</property>
        <step>-1</step>
        <min>0</min>
        <max>360</max>
        <wrap>1</wrap>
      </binding>
    </action>
    <action>
      <name>small  increase  (scrollwheel)</name>
      <button>4</button>
      <repeatable>true</repeatable>
      <binding>
        <command>property-adjust</command>
        <property>/autopilot/settings/heading-bug-deg</property>
        <step>1</step>
        <min>0</min>
        <max>360</max>
        <wrap>1</wrap>
      </binding>
    </action>
  </animation>

  <animation>
    <type>pick</type>
    <object-name>click-bug-R</object-name>
    <visible>false</visible>
    <action>
      <name>small  increase</name>
      <button>0</button>
      <repeatable>true</repeatable>
      <binding>
        <command>property-adjust</command>
        <property>/autopilot/settings/heading-bug-deg</property>
        <step>1</step>
        <min>0</min>
        <max>360</max>
        <wrap>1</wrap>
      </binding>
    </action>
    <action>
      <name>large  increase</name>
      <button>1</button>
      <repeatable>true</repeatable>
      <binding>
        <command>property-adjust</command>
        <property>/autopilot/settings/heading-bug-deg</property>
        <step>5</step>
        <min>0</min>
        <max>360</max>
        <wrap>1</wrap>
      </binding>
    </action>
    <action>
      <name>small  decrease  (scrollwheel)</name>
      <button>3</button>
      <repeatable>true</repeatable>
      <binding>
        <command>property-adjust</command>
        <property>/autopilot/settings/heading-bug-deg</property>
        <step>-1</step>
        <min>0</min>
        <max>360</max>
        <wrap>1</wrap>
      </binding>
    </action>
    <action>
      <name>small  increase  (scrollwheel)</name>
      <button>4</button>
      <repeatable>true</repeatable>
      <binding>
        <command>property-adjust</command>
        <property>/autopilot/settings/heading-bug-deg</property>
        <step>1</step>
        <min>0</min>
        <max>360</max>
        <wrap>1</wrap>
      </binding>
    </action>
  </animation>      

      <!--                  Heading  Offset                  -->
  <animation>
    <type>pick</type>
    <object-name>click-offset-L</object-name>
    <visible>false</visible>
    <action>
      <name>small  decrease</name>
      <button>0</button>
      <repeatable>true</repeatable>
      <binding>
        <command>property-adjust</command>
        <property>/instrumentation/heading-indicator/offset-deg</property>
        <step>-1</step>
        <min>0</min>
        <max>360</max>
        <wrap>1</wrap>
      </binding>
    </action>    
    <action>
      <name>large  decrease</name>
      <button>1</button>
      <repeatable>true</repeatable>
      <binding>
        <command>property-adjust</command>
        <property>/instrumentation/heading-indicator/offset-deg</property>
        <step>-5</step>
        <min>0</min>
        <max>360</max>
        <wrap>1</wrap>
      </binding>
    </action>
    <action>
      <name>small  decrease  (scrollwheel)</name>
      <button>3</button>
      <repeatable>true</repeatable>
      <binding>
        <command>property-adjust</command>
        <property>/instrumentation/heading-indicator/offset-deg</property>
        <step>-1</step>
        <min>0</min>
        <max>360</max>
        <wrap>1</wrap>
      </binding>
    </action>
    <action>
      <name>small  increase  (scrollwheel)</name>
      <button>4</button>
      <repeatable>true</repeatable>
      <binding>
        <command>property-adjust</command>
        <property>/instrumentation/heading-indicator/offset-deg</property>
        <step>1</step>
        <min>0</min>
        <max>360</max>
        <wrap>1</wrap>
      </binding>
      </action>
  </animation>

  <animation>
    <type>pick</type>
    <object-name>click-offset-R</object-name>
    <visible>false</visible>
    <action>
      <name>small  increase</name>
      <button>0</button>
      <repeatable>true</repeatable>
      <binding>
        <command>property-adjust</command>
        <property>/instrumentation/heading-indicator/offset-deg</property>
        <step>1</step>
        <min>0</min>
        <max>360</max>
        <wrap>1</wrap>
      </binding>
    </action>    
    <action>
      <name>large  increase</name>
      <button>1</button>
      <repeatable>true</repeatable>
      <binding>
        <command>property-adjust</command>
        <property>/instrumentation/heading-indicator/offset-deg</property>
        <step>5</step>
        <min>0</min>
        <max>360</max>
        <wrap>1</wrap>
      </binding>
    </action>
    <action>
      <name>small  decrease  (scrollwheel)</name>
      <button>3</button>
      <repeatable>true</repeatable>
      <binding>
        <command>property-adjust</command>
        <property>/instrumentation/heading-indicator/offset-deg</property>
        <step>-1</step>
        <min>0</min>
        <max>360</max>
        <wrap>1</wrap>
      </binding>
    </action>
    <action>
      <name>small  increase  (scrollwheel)</name>
      <button>4</button>
      <repeatable>true</repeatable>
      <binding>
        <command>property-adjust</command>
        <property>/instrumentation/heading-indicator/offset-deg</property>
        <step>1</step>
        <min>0</min>
        <max>360</max>
        <wrap>1</wrap>
      </binding>
    </action>
  </animation>

</PropertyList>


