<?xml version="1.0" encoding="UTF-8"?>

<PropertyList>

  <particlesystem>
    <name>smoke</name>
    <type>normal</type>

    <texture>smoke.png</texture>

    <emissive type="bool">false</emissive>
    <lighting type="bool">true</lighting>

    <attach>world</attach>

    <placer>
      <type>point</type>
    </placer>
    
    <shooter>
      <theta-min-deg> -10 </theta-min-deg>    <!--  0 up, 90 back, 180 down     -->
      <theta-max-deg> 10 </theta-max-deg>   
      <phi-min-deg>   -10 </phi-min-deg>      <!--  0 back, 90 right, -90 left  -->
      <phi-max-deg>   10 </phi-max-deg>
      <speed-mps>
        <property>/engines/engine[1]/rpm</property>
        <factor>0.07</factor>
        <spread>5</spread>
      </speed-mps>
      <rotation-speed>
        <x-min-deg-sec>0</x-min-deg-sec>
        <y-min-deg-sec>0</y-min-deg-sec>
        <z-min-deg-sec>0</z-min-deg-sec>
        <x-max-deg-sec>0</x-max-deg-sec>
        <y-max-deg-sec>0</y-max-deg-sec>
        <z-max-deg-sec>0</z-max-deg-sec>
      </rotation-speed>
    </shooter>

    <counter>
      <particles-per-sec>
        <property>/engines/engine[1]/rpm</property>
        <factor>0.02</factor>
        <spread>20</spread>
      </particles-per-sec>
    </counter>

    <align>billboard</align>

    <particle>
      <start>
        <color>
          <red><value>   0.95 </value></red>
          <green><value> 0.95 </value></green>
          <blue><value>  0.95 </value></blue>
          <alpha><value> 0.80 </value></alpha>
        </color>
        <size>
          <value>0.1</value>
        </size>
      </start>

      <end>
        <color>
          <red><value>   1.00 </value></red>
          <green><value> 1.00 </value></green>
          <blue><value>  1.00 </value></blue>
          <alpha><value> 0.00 </value></alpha>
        </color>
        <size>
          <value>5.0</value>
        </size>
      </end>

      <life-sec>
        <value>3.0</value>
      </life-sec>

      <mass-kg>  0.1 </mass-kg>
      <radius-m> 0.1 </radius-m>
    </particle>

    <program>
      <fluid>               air  </fluid>
      <gravity type="bool"> true </gravity>
      <wind typ="bool">     true </wind>
    </program>

  </particlesystem>

</PropertyList>

